remover,id,link,formato,titulo,abstract,periodico,ano_artigo,paginas,defasagem,citacoes,n_autores,autor_n,uni_autor,estado_uni_autor,area_autor,sex_autor,ano_eleicao,n_eleicoes,localidade,cargo,nivel_eleicao,n_observacoes,pais,v_dependente,v_independente,n_controles,controles,hipotese_pesquisa,tipologia_gastos_de_campanha,abordagem_metodologica,tec_pesquisa,n_tecnicas,n_parametros_modelo,var_interveniente,desc_score_beta,score_beta,score_pvalor_modelo,score_pvalor_betas,replication,disponibilizacao_dos_dados,disponilidade_data_sharing,orientador_autor,ppg_doutorado_autor,ppg_msc_autor,formacao_autor,local_formacao_autor,tempo_doutoramento_autor,n_artigos_pub_autor,n_artigos_pub_qualis_superior_autor
1,1,https://www.scielo.br/j/rsocp/a/mYrTKcMNsMBGQGkbpBBFfTP/abstract/?lang=pt,digital,Conflito político e instituições orçamentárias: aprofundando a democracia no Brasil,"A maioria das democracias combina práticas democráticas e autoritárias, criando um subtipo híbrido. O presente projeto examina variações no grau de democracia e busca suas causas na federação brasileira. Em particular, o projeto examina variações no grau em que atores fora do poder Executivo, especialmente legisladores e a sociedade civil, conseguem desempenhar um papel afirmativo no processo orçamentário. Os orçamentos são com freqüência atribuídos por lei a legisladores, pelo menos em termos de autorização e supervisão; contudo, a maioria dos titulares do poder Executivo monopoliza a capacidade institucional, política e técnica para desempenhar um papel poderoso no complexo processo de administração dos recursos públicos. No Brasil, contudo, há evidências de uma crescente afirmação do poder Legislativo e de práticas democráticas em algumas regiões; essa tendência reflete processos mais amplos de aprofundamento democrático. O presente projeto examina algumas das condições para o aprofundamento democrático no Brasil, um país que retornou formalmente à democracia em 1985 mas consolidou um sistema federal de democracia desigual. Para identificar as condições que levam ao aprofundamento democrático, o estudo destaca tendências em quatro estados: dois onde ocorreu o aprofundamento e dois onde isso não se deu. O projeto demonstra o curioso resultado de que as condições políticas, especialmente os níveis e tipos de conflito político, determinam o grau de democracia, como é expressado no processo orçamentário. PALAVRAS-CHAVE: processo orçamentário; democracia; democratização; conflito político.",revista de sociologia e política,2005,19,17,19,1,Aaron Schneider,-,-,,1,"1986, 1990, 1994, 1998, 2002",5,estados,governo,estadual,-,Brasil,-,-,-,-,-,-,discussão teórica,-,-,-,-,,,-,-,-,-,-,,,,,,,,
0,2,http://www12.senado.leg.br/ril/edicoes/54/216/ril_v54_n216_p87,digital,Financiamento eleitoral por pessoas jurídicas: a influência do poder econômico sobre a democracia,"Resumo: O presente artigo aborda as doações de pessoas jurídicas em campanhas eleitorais com base na decisão proferida pelo Supremo Tribunal Federal no julgamento da ADI 4.650/DF, por meio da qual foram declarados inconstitucionais os dispositivos da Lei dos Partidos Políticos e da Lei das Eleições, que permitiam aos partidos e candidatos arrecadar recursos provenientes de empresas. Assim, são analisados: os principais argumentos contidos nos votos proferidos no sentido da tese vencedora; as possíveis disfunções decorrentes da decisão, como o potencial aumento da desigualdade entre os candidatos, o acirramento da crise de representatividade vivida no Brasil e o eventual estímulo às doações não declaradas, ou seja, ao “caixa dois”; e, ainda, as distinções entre uso e abuso do poder econômico. Ao final, são apresentadas sugestões na tentativa de contribuir para o debate acerca da melhoria do financiamento eleitoral no País. Palavras-chave: Financiamento eleitoral. Doações de empresas. Poder econômico. Uso e abuso",revista de informação legislativa,2017,18,5,4,2,"ANDRÉ GUILHERME LEMOS, JORGE MICHEL BERTONI SOARES","PUCSP,  MACKENZIE","SP, SP",,1,-,0,-,-,-,-,Brasil,-,-,-,-,-,-,discussão teórica,-,-,-,-,,,-,-,-,-,-,,,,,,,,
1,3,https://www.scielo.br/j/rieb/a/WxtBNXgtwwc9GZmxvCTwPmP/abstract/?lang=pt,digital,"A Era Lula e sua questão econômica principal: crescimento, mercado interno e distribuição de renda","Resumo O presente texto procura jogar luz sobre o que se julga ser a característica distintiva da Era Lula em termos econômicos: uma maior sintonia entre objetivos econômicos e sociais. A hipótese com a qual se trabalha é a de que o conteúdo social do desenvolvimento brasileiro, ensaiado na Era Lula, é não apenas defensável do ponto de vista moral, como também se mostra a melhor alternativa econômica diante das dificuldades e limitações enfrentadas pelo Brasil atualmente. As seções do texto tratam, na sequencia, do contexto histórico a envolver essas questões; dos bons resultados do governo Lula (2003- 2010); das dificuldades e reações no mandato de Dilma (pós-2011) e, por fim, de algumas ideias e prioridades para renovar e aprofundar este “social-desenvolvimentismo”. Palavras-chave Era Lula, estratégia de desenvolvimento, crescimento, justiça social.",revista do instituto de estudos brasileiros,2014,26,8,54,1,André M. Biancarelli,UNICAMP,SP,,1,-,-,-,-,-,-,Brasil,-,-,-,-,-,-,discussão teórica,-,-,-,-,,,-,-,-,-,-,,,,,,,,
0,4,https://www.scielo.br/j/op/a/kjvHkxtSqcdNwB46Zrhc5pc/,digital,Os presidenciáveis no debate ideológico: análise de conteúdo dos programas econômicos nas eleições de 2018,"As eleições de 2018 demarcaram a emersão de importantes alterações no cenário político brasileiro com a chegada de Jair Bolsonaro ao Planalto, colocando em evidência o perene debate da classificação ideológica dos partidos brasileiros. Nessa via, objetiva-se alocar, na escala esquerda-centro-direita, os partidos dos quatro primeiros colocados na disputa presidencial, mobilizando seus planos de governo ao setor econômico, por meio de uma abordagem qualitativa, tendo como ferramenta a análise de conteúdo. Assenta-se na metodologia empreendida o diferencial do presente artigo, em face do predominante exercício quantitativo nos trabalhos de semelhante intento. Observando a construção das ideias dos programas, podem-se classificar os programas de esquerda (PT e PDT), direita (PSL) e expor a flutuação do programa do PSDB entre o centro e a direita. Palavras-chave: classificação ideológica; análise de conteúdo; planos econômicos; esquerda; direita",opinião pública,2022,29,1,0,2,"Alison Ribeiro Centeno, Taiane Fabiele da Silva Bringhenti",pucrs,RS,,"1,2",2018,1,brasil,presidente,federal,-,Brasil,,-,-,-,-,-,analise de conteúdo,-,-,-,-,,,-,-,-,-,-,,,,,,,,
0,5,https://www.scielo.br/j/rbcpol/a/4F6dk9pDX5dc4j7H7QzZTrc/abstract/?lang=pt,digital,Padrões de financiamento eleitoral no Brasil: as receitas de postulantes à Câmara dos Deputados em 2010 e 2014,"A partir de 2006, quando o Tribunal Superior Eleitoral (TSE) tornou públicas, por meio digital, as prestações de contas de candidatos, partidos e comitês, houve um crescimento significativo no volume de trabalhos que analisam o financiamento de campanhas no Brasil. Todavia, com o protagonismo assumido pelas empresas, a importância e o impacto das demais receitas têm sido pouco abordados. O objetivo aqui é preencher 110 Bruno Fernando da Silva e Emerson Urizzi Cervi parte dessa lacuna, detalhando o quanto cada uma das fontes de recurso contribui para o total arrecadado e quanto os competidores diferem-se em volume de financiamento. Para isto, foram analisadas as contas eleitorais de candidatos à Câmara dos Deputados nas eleições gerais de 2010 e 2014. Metodologicamente, conjugou-se estatística descritiva e testes de diferenças de médias. Os resultados indicam que o desempenho eleitoral está associado não somente ao volume de receitas, mas também à elevada presença de alguns tipos de doadores, como pessoas jurídicas e partidos. O posicionamento em relação ao governo federal, entretanto, afeta o montante arrecadado, mas não é um bom critério para avaliar a forma com que os candidatos são financiados. Palavras-chave: financiamento de campanhas; receitas eleitorais; eleições 2010 e 2014; Câmara dos Deputados, Brasil",revista brasileira de ciência política,2017,36,5,31,2,"Bruno Fernando da Silva, Emerson Urizzi Cervi","UFMG, UFPR","MG, PR",,"1,1","2010, 2014",2,estados,dep fed,estadual,-,Brasil,desempenho eleitoral,gastos de campanha,0,0,-,-,descritiva,anova,1,-,-,,,-,-,-,-,-,,,,,,,,
0,6,https://www.scielo.br/j/rsocp/a/gJjGncdBnLT7Xxh6TsLK55s/abstract/?lang=pt,digital,Pesquisas eleitorais afetam receitas de campanha: a correlação entre expectativa de vitória e financiamento de campanha em disputas ao Senado,"RESUMO Introdução: Este artigo trata do financiamento de campanhas no Brasil. Embora não faltem evidências de que as arrecadações de campanha estão associadas ao sucesso eleitoral, pouco se sabe sobre o quanto a intenção de voto pode afetar o montante arrecadado pelos candidatos. Nosso objetivo é investigar este fenômeno. Materiais e Métodos: A análise empírica foi realizada com dados de prestações de contas eleitorais dos 134 candidatos ao Senado Federal em 2014 e com resultados de pesquisas de intenção de voto do instituto IBOPE. Utilizamos como ferramentas de análise estatísticas descritivas e regressão linear múltipla. Resultados: Os resultados atestam o impacto positivo das intenções de voto aferidas nas sondagens pré-eleitorais e do apoio do governador sobre as arrecadações totais. Já ser mandatário e candidato à reeleição (incumbency) foi um fator ineficaz para a explicação de quase todas as receitas. Discussão: Em virtude da associação encontrada entre intenção de voto e financiamento eleitoral, alertamos para a necessidade de considerar a existência de endogenia na relação entre dinheiro e voto nas disputas majoritárias, visto que as variáveis são mutuamente afetadas. Além disso, sugerimos que a relação entre viabilidade do candidato e financiamento eleitoral reafirma a ideia de que os doadores agem de maneira estratégica ao definir quais candidatos devem apoiar. Nesse sentido, doadores optam por candidaturas viáveis que contam com apoios políticos relevantes e oferecem, assim, menos riscos de derrota. PALAVRAS-CHAVE: financiamento de campanhas; expectativa de vitória; pesquisas eleitorais; Senado; eleições de 2014",revista de sociologia e política,2020,17,2,3,2,"Bruno Fernando da Silva, Ricardo Dantas Gonçalves","UFMG, UFPR","MG, PR",,"1,1",2014,1,mg,senador,estadual,134,Brasil,receitas de campanha,pesquisas eleitorais,6,"incumbencia, apoio, intenção de voto*incumbencia, intenção de voto*apoio, partido grande, sexo","candidatos com elevado índice de intenção de voto, apoiados pelo governador e que concorrem à reeleição são mais bem financiados no total e por empresas do que os demais",-,inferencial,regressão linear,1,7,"Intençao de voto * Incumbency, Intenção de voto * apoio,",,,,"136.767***, 68.470***, 70.279***, 47.392***, 34.317***, 24.134***, 5.897***, 9.077***, 4.831***, 6.526***",0,-,-,,,,,,,,
0,7,https://revistas.ufpr.br/sclplr/article/view/64718,digital,FINANCIAMENTO DE CAMPANHAS EM DISPUTAS MUNICIPAIS: UMA ANÁLISE COMPARATIVA DAS DOAÇÕES A CANDIDATOS A VEREADOR DE CURITIBA EM …,"RESUMO: O trabalho apresenta uma análise empírica sobre os padrões de doações de campanha a candidatos a vereador em duas eleições em Curitiba: 2008 e 2012. Trata-se de uma análise comparativa para testar que características dos candidatos ajudam a entender as variações das receitas declaradas pelos concorrentes. O objetivo é verificar se a condição do candidato, novato ou à reeleição; se a posição do candidato, se em partido do governo ou oposicionista; e o desempenho do candidato, se eleito ou derrotado, ajudam a entender a capacidade de arrecadação de recursos financeiros pelos concorrentes. Portanto, trata-se de um estudo sobre finanças de campanha e não sobre desempenho eleitoral. A hipótese é que candidatos à reeleição têm melhores condições financeiras do que os demais, independentes de serem da oposição ou não. Comparamos duas eleições municipais para verificar se os padrões das finanças de campanha se alteraram no período ou se mantiveram estáveis. Palavras-chave: Financiamento de Campanha; Candidatos a vereador; Curitiba; 2008; 2012",sociologias plurais,2014,20,8,0,2,"Bruno Fernando da Silva, Emerson Urizzi Cervi","UFMG, UFPR","MG, PR",,"1,1","2008, 2012",2,curitiba,vereador,municipal,indisponível,Brasil,receitas de campanha,status do candidato,2,"posição, condição","candidatos à reeleição têm melhores condições financeiras do que os demais, independentes de serem da oposição ou não",-,inferencial,regressão linear,1,3,-,"resultado, posição, condição, resultado, posição, condição,","-0.361, 0.012, 0.249, -0.387, -.090, 0.261",não reporta,"0.000, 0.736, 0.000, 0.000, 0.007, 0.000",0,0,0,,,,,,,,
0,8,https://www.scielo.br/j/rap/a/yTqwGSm7HPwJVFNq95g7QdH/abstract/?lang=pt,digital,O investimento público influencia na reeleição? Um estudo empírico nos municípios do estado do Espírito Santo,"A literatura econômica tem debatido os efeitos dos gastos públicos sobre as chances de recondução dos governantes, apontando que os eleitores tendem a avaliar com um maior peso a performance dos políticos tendo por base seu desempenho no período pré-eleitoral (miopia política). Nesse contexto, este trabalho investiga a influência dos investimentos públicos sobre a recondução dos prefeitos dos municípios do estado do Espírito Santo, entre 2001 e 2012. Por meio da metodologia de regressão logística, os resultados sugerem que os eleitores capixabas, de modo geral, premiam os prefeitos que promovem incrementos relativos de investimentos públicos no período próximo às eleições, o que se mostra consistente com a literatura mais recente de ciclos políticos e de comportamento eleitoral, embora não tenha havido a comprovação empírica de que os eleitores sejam conservadores sob a ótica fiscal. Palavras-chave: ciclos políticos; escolha pública; investimentos públicos; eleições regionais. La inversión pública tiene influencia sobre la reelección? Um estudo empírico em los",revista de administração pública,2018,19,4,26,3,"Bruno Pires Dias, Valcemiro Nossa, Danilo Soares Monte-Mor",,,,"1,1,1","2004, 2008, 2012",3,espírito santo,prefeito,municipal,indisponível,Brasil,reeleição,gastos públicos,8,", Alinhamento com governador, População, População, Investimentos, Resultado Orçamentário, Receita Eleitoral, Capital Político",Os aumentos de investimentos públicos realizados na segunda metade do mandato em relação à primeira metade implicam maiores chances de reeleição do prefeito que disputa a reeleição,-,inferencial,regressão logística,1,8,-,"Alinhamento com presidente, Alinhamento com governador, população, idhm, investimentos, resultado orçamentário, receita elitoral, capital político, Alinhamento com presidente, Alinhamento com governador, população, idhm, investimentos, resultado orçamentário, receita elitoral, capital político,Alinhamento com presidente, Alinhamento com governador, população, idhm, investimentos, resultado orçamentário, receita elitoral, capital político, ","0.13, 0.52, 0.000, -4.77, 9.32, -2.32, 1.81, 0.02, 0.14, 0.47, 0.000, - 3.63, 6.83, -1.49, 2.00, 0.02, -0.23, 0.35, 0.000, -4.48, 6.53, -2.45, 1.85, 0.02",não reporta,"0.800, 0.138, 0.809, 0.037**, 0.010***, 0.142, 0.749, 0.116, 0.870, 0.049, 0.017, 0.445, 0.001, 0.063, 0.588, 0.233, 0.991, 0.015, 0.023, 0.204, 0.002, 0.034",0,0,0,,,,,,,,
0,9,https://www.scielo.br/j/op/a/FyJ3Gt43nWpbRvxPVY7QJJs/,digital,Questionando a tese da cartelização: o financiamento das organizações partidárias no Brasil (1998-2016),"O artigo analisa o financiamento das organizações partidárias no Brasil, no período de 1998 a 2016. Recorrendo a técnicas de estatística descritiva, tratamos do papel dos recursos públicos, das doações de empresas privadas, das contribuições dos filiados e dos parlamentares. Questionamos a aplicabilidade da tese da cartelização dos partidos ao caso brasileiro, mostrando que o modelo de distribuição dos recursos públicos promove a fragmentação, não a cartelização, do sistema partidário. Constatamos que o setor privado não mantém vínculos orgânicos com partidos que representam seus interesses, mas age de forma pragmática. Concentra as doações nos partidos que disputam as eleições para presidente, com ampla vantagem para o partido que ocupa a Presidência. Nem os filiados nem os parlamentares contribuem significativamente para o orçamento dos partidos no Brasil. Palavras-chave: financiamento partidário; cartelização; filiação partidária; fundo partidário; financiamento privad",opinião pública,2022,37,1,1,2,"Bruno Wilhelm Speck, Mauro Macedo Campos","USP, UENF","SP, RJ",,"1,1","1998, 2002, 2004, 2006, 2008, 2010,  2012, 2014, 2016",9,brasil,-,federal,,Brasil,-,-,-,-,-,-,descritiva,-,-,-,-,,,-,-,-,-,-,,,,,,,,
0,10,https://www.scielo.br/j/rsocp/a/gCsTkrpnNvqRJBWM7Mgyptt/abstract/?lang=pt,digital,"Trajetórias políticas e chances eleitorais: analisando o"" gênero"" das candidaturas em 2010","O artigo apresenta os resultados principais de um survey com candidatos ao cargo de Deputado Federal, conduzido no âmbito da investigação realizada pelo Consórcio Bertha Lutz durante as eleições de 2010. Com base em um questionário constando perguntas relativas a diferentes dimensões individuais e institucionais em relação aos partidos, analisa-se dimensões como trajetórias políticas e eleitorais, estratégias, recursos e dificuldades de campanhas. Em seguida, por meio de determinados procedimentos metodológicos de aglomeração de variáveis, procura-se analisar perfis de eleitos e não eleitos. O objetivo é identificar como o gênero perpassa e apresenta-se em possíveis variáveis intervenientes nesses perfis. Como os resultados mostram, há varias dimensões nas quais a categoria gênero faz-se presente, de maneira direta ou indireta, em geral, antes do momento eleitoral em si. O processo eleitoral seria, assim, o resultado de um filtro que antecede mesmo o recrutamento. Conclui-se que os perfis de eleitos, homens ou mulheres, são semelhantes, mas, considerando que os homens são amplamente majoritários entre os eleitos, podese dizer que tais perfis são fruto de uma estrutura ainda marcada por desigualdades e por valores diferenciados por gênero",revista de sociologia e política,2013,24,9,49,2,"Clara Araujo, Doriam Borges","UERJ, UERJ","RJ, RJ",,"2,1",2010,1,brasil,dep fed,estadual,517,Brasil,-,-,-,-,-,-,qualitativa,survey,1,-,-,,,-,-,-,-,-,,,,,,,,
1,11,https://periodicos.ufba.br/index.php/nausocial/article/view/31444,digital,O desafio do campo de públicas frente ao contexto de crise do Estado brasileiro,"Na primeira década dos anos 2000, Brasil e vizinhos latinoamericanos experimentaram alguma inflexão da tendência neoliberal de condução da economia que se espalhava a partir do Norte global desde os anos 1980. Mas o movimento também foi acompanhado de contradições, sendo uma das suas marcas dramáticas a associação entre estado e capital via auxílios mútuos — de um lado, subsídios estatais em suas várias formas; de outro, vultosos financiamentos de campanhas eleitorais. Nesse contexto, o campo de públicas também foi impactado, o que se revela, por exemplo, no seu desenvolvimento dentro da universidade brasileira, esta crescentemente instada a apontar caminhos de ação para a política e a economia. No entanto, nos anos mais recentes, a região e o país experimentam uma espécie de retomada da lógica econômico-política que resgata o mote, por vezes retórico, da menor intervenção estatal. Isso sinaliza novos desafios para o campo de públicas, seja na universidade, seja nos outros espaços sociais, dentre eles o estado. Assim, o artigo se propõe a debater a evolução do, e desafios futuros ao, campo de públicas à luz das disputas econômicas que têm o estado como espaço importante. Buscando, assim, compreender qual é o lugar do campo de públicas em particular nessas disputas junto ao direcionamento do Estado.",nau social,2018,13,4,3,3,"Carlos Raul Etulain, Milena Pavan Serafim, Rodrigo Rossi Horochovsk","Unicamp, unicamp, ufpr","SP, SP, PR",,"1,2,2",-,-,-,-,-,-,-,-,-,-,-,-,-,discussão teórica,-,-,-,-,,,-,-,-,-,-,,,,,,,,
1,12,https://www.scielo.br/j/csp/a/HfmStkr5tNJHKCCZW8qQdvz/abstract/?lang=pt,digital,Políticas de saúde no Brasil em tempos contraditórios: caminhos e tropeços na construção de um sistema universal,"O artigo analisa a trajetória de condução nacional da política de saúde no Brasil de 1990 a 2016, bem como explora as contradições e os condicionantes da política no período. Observaram-se continuidades e mudanças no contexto, processo e conteúdo da política em cinco diferentes momentos. A análise dos condicionantes da política mostrou que o marco constitucional, os arranjos institucionais e a ação de atores setoriais foram fundamentais para a expansão de programas e serviços públicos, que conferiram materialidade e ampliaram a base de apoio ao Sistema Único de Saúde no âmbito setorial. No entanto, limites histórico-estruturais, legados institucionais e a disputa de projetos para o setor influenciaram a política nacional. A interação desses condicionantes explica as contradições na política do período, por exemplo, no que se refere à inserção da saúde no modelo de desenvolvimento e na Seguridade Social, ao caráter do financiamento e das relações público-privadas em saúde. A ampliação dos serviços públicos ocorreu de forma concomitante ao fortalecimento de segmentos privados, configurando mercados dinâmicos em saúde, que disputam os recursos do Estado e das famílias, restringem a possibilidade de consolidação de um sistema de saúde universal, reiteram a estratificação social e as desigualdades em saúde.",cadernos de saúde pública,2017,19,5,116,3,"Cristiani Vieira Machado, Luciana Dias de Lima, Tatiana Wargas de Faria Baptista",,,,"2,2,2",-,-,-,-,-,-,-,-,-,-,-,-,-,-,-,-,-,-,,,-,-,-,-,-,,,,,,,,
0,13,https://www.scielo.br/j/op/a/LCZbd6MjbsctTPcmmKkJsSc/?lang=pt&format=html,digital,Financiamento dos partidos e campanhas eleitorais na América Latina: uma análise comparada,"Este artigo apresenta uma leitura regional comparada dos sistemas de financiamento dos partidos políticos e das campanhas eleitorais em dezoito países da América Latina. Apresenta também uma avaliação sobre as principais descobertas e tendências vigentes nesta questão e seus efeitos sobre os partidos e o sistema democrático, formulando ao mesmo tempo um conjunto de princípios orientadores, objetivos gerais e recomendações (não prescritivas) que deveriam ser levadas em conta em todo processo de reforma. Palavras-chave: partidos políticos, campanhas eleitorais, sistemas de financiamento, democracia, América Latina",opinião pública,2005,50,17,133,1,Daniel Zovatto,Universidade de Madrid,NA,,1,-,-,America Latina,-,todas,-,America Latina,-,-,-,-,-,-,descritiva,-,-,-,-,,,-,-,-,-,-,,,,,,,,
0,14,https://www.scielo.br/j/op/a/yBSFCmXzF3QvmhqxzDqWRbg/abstract/?lang=pt,digital,O dinheiro importa menos para os candidatos evangélicos?,"Este artigo se insere nos estudos sobre o impacto do dinheiro sobre o desempenho eleitoral de candidatos em eleições legislativas. Mais especificamente dialogamos com a literatura que analisa se os recursos financeiros importam mais para candidatos com determinados perfis. Para as eleições de 2010 e 2014 para os cargos de deputado federal e estadual, verificamos que, para os candidatos que se apresentam como evangélicos, o dinheiro tem um peso menor para alavancar as campanhas eleitorais. Identificamos esses candidatos através do seu nome de urna, uma técnica usada em pesquisas anteriores. O mecanismo causal que explica esse efeito menor do dinheiro sobre as candidaturas evangélicas é a mobilização do capital simbólico e real das igrejas protestantes. Esse resultado se alinha com outras pesquisas que mostram o valor relativo do dinheiro para alavancar o desempenho nas urnas. Candidatos que dispõem de outros mecanismos para acessar e mobilizar potenciais eleitores, como o apoio institucional da igreja, o acesso aos fiéis e os recursos não contabilizados, dependem menos dos recursos financeiros declarados do que os seus competidores. Palavras-chave: financiamento de campanha; eleições; religião",opinião pública,2017,28,5,10,1,"Gabriela Figueiredo Netto, Bruno Wilhelm Speck","USP, USP","SP, SP",,"2,1","2010, 2014",2,Brasil,"dep fed, dep est",estadual,23.144,brasil,sucesso eleitoral,gastos de campanha,4,"Evangélicos, Sexo, Magnitude, Competição",Os candidatos evangélicos arrecadam menos recursos de campanha em comparação aos outros candidatos.,-,inferencial,"regressão linear, regressão logit",2,11,despesas*evangélicos,"evangélicos, sexo, magnitude, competição, despesas evangélicos, sexo, magnitude, competição, despesas, evagelicos, despesas*evangelicos, sexo, magnitude, competição ","-0.171, 0.929, 0.034, 0.048, 1.860, -0.494, -0.751, -0.221, 0.039, -0.001",não reporta,não reporta,0,0,0,,,,,,,,
0,15,https://periodicos.ufjf.br/index.php/lumina/article/view/28621,digital,A comunicação nas eleições presidenciais brasileiras: uma análise dos impactos do fim do financiamento por empresas sobre os gastos de campanha,"o artigo realiza uma análise longitudinal dos gastos de campanha das candidaturas presidenciais brasileiras no período entre 2002 e 2018. O objetivo é verificar quais os impactos da proibição da arrecadação de recursos junto a empresas privadas (ocorrida em 2015 e aplicada pela primeira vez em 2018) sobre os gastos eleitorais, especialmente os feitos com comunicação. Para a consecução da pesquisa, recorreu-se aos valores informados pelas candidaturas na prestação de contas apresentadas ao Tribunal Superior Eleitoral (TSE). O banco de dados montado descriminou apenas os gastos de campanha feitos com atividades de comunicação, sendo esses distinguidos ainda na forma de subcategorias, de modo a especificar o recurso a diferentes mídias e usos. Preservou-se ainda a informação do total de despesas realizada por cada candidatura.De início, a pesquisa confirma a hipótese inicial, de que o fim da possibilidade de empresas privadas financiarem as eleições afetaria a arrecadação total das campanhas. Mais importante, confirma-se também que tal redução da arrecadação total das candidaturas impactaria com menor força os gastos com comunicação, os quais, apesar de reduzidos em seu montante final, tiveram ampliada sua participação percentual entre o total de despesas.De outro modo, confirma-se ainda que a continuidade da centralidade dos gastos de campanha em comunicação, especialmente na forma de mídia televisiva, é favorecida por um segundo aspecto institucional do país: o oferecimento de espaços gratuitos no rádio e na TV a partidos e candidatos – uma forma de financiamento indireto.",lumina,2019,16,3,0,1,Giliard Gomes Tenório,UFRJ,RJ,,1,"2002, 2006, 2010, 2014, 2018",5,Brasil,Presidente,federal,,brasil,receitas de campanha,-,-,-,-,-,descritiva,-,-,-,-,,,-,-,-,-,-,,,,,,,,
0,16,http://www.scielo.org.co/scielo.php?pid=S0121-56122018000300137&script=sci_arttext&tlng=pt,digital,"Ricos e políticos: uma análise da origem familiar, trajetória profissional e carreira política dos 30 deputados federais brasileiros com maior patrimônio …","RESUMO: Este artigo aborda a relação dos recursos econômicos com o espaço político. A análise é estruturada a partir dos 30 deputados federais com maior patrimônio econômico eleitos para a 55ª Legislatura da Câmara dos Deputados no Brasil (2015- 2019). O objetivo principal é analisar as bases sociais dessas “fortunas” e a sua relação com o espaço político. Com isso, a posse dos recursos econômicos passa a ser associada às posições sociais anteriores à política, como a origem familiar e a trajetória profissional exercida, ambas fortemente ligadas a atividades empresariais. Esses recursos influenciarão no tipo de entrada e carreira política desempenhada, com destaque para o financiamento próprio, desses casos, nas eleições de 2014. PALAVRAS-CHAVE: Thesaurus: políticos; dinheiro; família; profissão.",colombia internacional,2018,28,4,4,1,Icaro Gabriel da Fonseca Engler,Universidade Federal de Pelotas,RS,,1,2014,1,Brasil,dep fed,federal,30,brasil,espaço político,recursos economicos,-,-,-,-,descritiva,-,-,-,-,,,-,-,-,-,-,,,,,,,,
0,17,http://www.scielo.org.co/scielo.php?pid=S0121-56122018000300137&script=sci_abstract&tlng=en,digital,Rich Politicians: An Analysis of the Family Background and Professional and Political Careers of the 30 most Wealthy Federal Congressmen in the 55th Legislative …,"This article deals with the relation between economic resources and public offices. Our analysis is based on the 30 most wealthy federal congressmen elected for the 55th legislative period (2015-2019) of the Brazilian House of Representatives. The main aim of this study is to analyze the social bases of these fortunes and their relation with elective offices. It reveals that the possession of economic resources has come to be associated with the social positions the congressmen had before they entered politics, like their family origin and professional career, both of which are strongly linked to business activities. These resources then influence the way they enter politics and their careers as congressmen, which is especially characterized by the financing of their own campaigns, in this case for the 2014 elections.",colombia internacional,2018,28,4,4,1,Icaro Gabriel da Fonseca Engler,Universidade Federal de Pelotas,RS,,1,2014,1,Brasil,dep fed,federal,30,brasil,espaço político,recursos economicos,-,-,-,-,descritiva,-,-,-,-,,,-,não reporta,-,0,0,,,,,,,,
0,18,https://pdfs.semanticscholar.org/8d44/8bb0671380c713bc1ed7f99eb97aec1072df.pdf,digital,O oportunismo pré-eleitoral ao nível das despesas públicas compensa na busca pela reeleição nos municípios catarinenses no século XXI?,"Resumo: Da construção de estradas a aumentos dos salários dos funcionários públicos, passando por reduções nos impostos no período que antecede as eleições, as manipulações orçamentais em anos eleitorais são um fenômeno observado em diversas nações, estados e municípios em todo o mundo. Muitos políticos acreditam que, ao aumentarem as despesas no ano das eleições e durante o mandato, conseguirão aumentar as suas chances de obter um novo mandato. Mas será que isso realmente ocorre em Santa Catarina? E será que em todos os municípios catarinenses esse fenômeno é igual? Ao estudar as eleições municipais catarinenses entre 2005 e 2016, contatou-se que os eleitores de Santa Catarina premiam o comportamento oportunista de seus prefeitos, tanto nas despesas públicas, como nos investimentos. Constatou-se, também, que o oportunismo compensa nos municípios com maiores níveis de IDHM. Palavras-Chave: Reeleição; Política fiscal; Políticos; Municípios; Santa Catarina",textos de economia,2019,28,3,1,1,Jonatan Lautenschlag,UFSC,SC,,1,"2004, 2008, 2012, 2016",4,estados,prefeito,municipal,239,Brasil,reeleição,gastos de campanha,13,"IDHM, IDHM_E, IDHM_R, IDHM_L, urbano, percentagem, esquerda, pres2, gov2, tributos, eleições 2012, eleições 2016","Muitos políticos acreditam que, ao aumentarem as despesas no ano das eleições e durante o mandato, conseguirão aumentar as suas chances de obter um novo mandato",-,inferencial,"regressão linear, regressão probit",2,14,-,,,-,não reporta,-,0,0,,,,,,,,
0,19,https://www.scielo.br/j/op/a/BLSkPvJy45gJKMkwbmK5Kvy/?lang=pt&format=html,digital,"O custo da política subnacional: a forma como o dinheiro é gasto importa? Relação entre receita, despesas e sucesso eleitoral","Resumo O custo da política subnacional: a forma como o dinheiro é gasto importa? Relação entre receita, despesas e sucesso eleitoral Este artigo tem por objeto as despesas em campanhas eleitorais. Especificamente propõe: a) produzir um mapeamento dos gastos eleitorais da eleição de 2010 efetuados por candidatos a deputado federal; b) identificar padrões de gastos existentes; c) identificar a existência de correlação estatística importante entre diferentes padrões de gastos eleitorais e resultado eleitoral nas urnas. As questões que orientam o artigo são as seguintes: a) A forma como os atores utilizam seus recursos expressam as particularidades dos competidores? b) Determinados gastos de campanha possuem maior impacto no sucesso eleitoral do que outros? Para fins de mapeamento das despesas eleitorais elaborou-se uma classificação que busca apreender os gastos eleitorais em três grandes categorias: 1) gastos com “publicidade”; 2) gastos com “infraestrutura” de campanha; e 3) gastos com “pessoal”. Os principais achados residem na percepção de que somente o volume de dinheiro não basta para explicar o sucesso eleitoral. Os modelos demonstram que o padrão de gasto precisa ser concentrado e que as maiores despesas devem ser destinadas para ""comunicação e publicidade"". Além disso, candidatos que disputam eleições em partidos mais organizados e com um grau de coordenação mais centralizado estão em melhores condições do que seus concorrentes que não compartilham dessa situação, conforme hipótese originalmente apresentada por Guarnieri (2011). Palavras-chave: financiamento de campanhas; despesas eleitorais; deputado federal; eleições; prestação de contas eleitorais",opinião pública,2016,37,6,23,3,"Jeison Giovani Heiler, João Paulo Saraiva Leão Viana, Rodrigo Dolandeli dos Santos","UNICAMP, UNIR, UNICAMP","SP, RO, SP",,"1,1,1",2010,1,brasil,dep fed,federal,-,brasil,,gastos de campanha,14,"Gastos ponderados por UF, Gastos ponderados por candidato, Variáveis socioeconômicas, Variáveis políticas, Despesa doações, Escolaridade, Ideologia, Despesa pessoal,  Sexo, Posição do Partido, Despesa comunicação, Despesa outros, Região, Despesa estrutura",,"Heiler, Viana Santos (2016)",inferencial,"regressão linear, regressão logística",2,22,-,"despesas outros maiores Despesas, despesa estrutura despesas médias altas, despesa estrutura maiores despesas, despesa total despesas media altas, despesa total maiores despesas, despesas comunicação despesas
médias altas, despesas comunicação maiores depesas, padrao de gastos recursos concentrados, padrao de gastos recursos pulverizados, despesas outros maiores Despesas, despesa estrutura despesas médias altas, despesa estrutura maiores despesas, despesa total despesas media altas, despesa total maiores despesas, despesas comunicação despesas
médias altas, despesas comunicação maiores depesas, padrao de gastos recursos concentrados, padrao de gastos recursos pulverizados, disposição politica baixa disposição, disposição politica media disposicao, baixa magnitude, media magnitude, incubente, despesas outros maiores Despesas, despesa estrutura despesas médias altas, despesa estrutura maiores despesas, despesa total despesas media altas, despesa total maiores despesas, despesas comunicação despesas
médias altas, despesas comunicação maiores depesas, padrao de gastos recursos concentrados, padrao de gastos recursos pulverizados, disposição politica baixa disposição, disposição politica media disposicao, baixa magnitude, media magnitude, incubente, despesas outros maiores Despesas, despesa estrutura despesas médias altas, despesa estrutura maiores despesas, despesa total despesas media altas, despesa total maiores despesas, despesas comunicação despesas
médias altas, despesas comunicação maiores depesas, padrao de gastos recursos concentrados, padrao de gastos recursos pulverizados, disposição politica baixa disposição, disposição politica media disposicao, baixa magnitude, media magnitude, incubente","3.048, 3.547, 10.644, 3.768, 8.901, 7.485, 9.462, 15.776, 0.592, 6.495, 3.465, 10.861, 6.671, 13.768, 4.546, 4.899, 8.261, 0.527, 0.553, 0.418, 0.150, 0.384, 0.000, 4.243, 2.765, 7.153, 4.709, 9.859, 9.707, 12.801, 20.837, 0.498, 6.278, 7.340, 3.149, 8.763, 6.831, 6.831, 12.624, 6;057, 6.951, 11.264, 0.453, 0.821, 0.610, 0.171, 0.364, 4.668",não reporta,não reporta,0,0,0,,,,,,,,
0,20,https://www.scielo.br/j/rap/a/Mq5354PMwJmncLj9KpYYXpR/?lang=pt,digital,Elementos da conexão eleitoral,ausente,revista de administração pública,2010,12,12,8,1,Jorge Viana Monteiro,FGV,SP,,1,-,-,Brasil,-,-,-,Brasil,-,-,-,-,-,-,discussão teórica,-,-,-,-,,,-,-,-,-,-,,,,,,,,
0,21,https://www.scielo.br/j/rap/a/LY3sNJVdtsvxRxFzBjWTVHJ/?lang=pt,digital,Percepções analíticas da crise econômica e racionalidade política,-,revista de administração pública,2009,13,13,4,1,Jorge Viana Monteiro,FGV,SP,,1,-,0,Brasil,-,-,-,Brasil,-,-,-,-,-,-,discussão teórica,-,-,-,-,,,-,-,-,-,-,,,,,,,,
0,22,https://bibliotecadigital.fgv.br/ojs/index.php/rap/article/download/7301/5794,digital,Economia do status quo constitucional,-,revista de administração pública,2005,19,17,0,1,Jorge Viana Monteiro,FGV,SP,,1,-,0,Brasil,-,-,-,Brasil,-,-,-,-,-,-,discussão teórica,-,-,-,-,,,-,-,-,-,-,,,,,,,,
0,23,https://www.scielo.br/j/rbcpol/a/fnzjjpV7bQgZ7fjv8rPC4yc/abstract/?lang=pt,digital,A cor dos eleitos: determinantes da sub-representação política dos não brancos no Brasil,"Parece fora de qualquer polêmica o fato de que a política nacional é majoritariamente branca. Levantamentos recentes indicam que a proporção de negros no parlamento federal nunca ultrapassou os míseros 9%. Mas a despeito dessa evidente marginalidade, pouco se sabe sobre as causas dessa sub-representação política. Este artigo pretende elucidar quais são os principais filtros que afastam os não brancos, pretos e pardos, da política brasileira. Para tal, foi feito um levantamento sobre a cor dos candidatos a vereador nas eleições de 2012 nas duas maiores cidades brasileiras: São Paulo e Rio de Janeiro. Diante da carência de registros oficiais sobre a raça ou cor desses candidatos, optamos por submeter suas fotos, disponibilizadas pelo TSE, à classificação de uma equipe de pes A cor dos eleitos 151 quisadores. Os resultados permitiram entender até que ponto o alheamento político dos não brancos brasileiros se deve: (i) a vieses no recrutamento partidário; (ii) às diferenças de capital educacional e patrimônio entre os candidatos brancos e não brancos; (iii) às desigualdades na distribuição dos recursos partidários e eleitorais; ou (iv) às próprias preferências eleitorais dos votantes. Ao que parece, as chances eleitorais dos pretos e pardos refletem as dificuldades que esses grupos têm em ascender à pequena elite de candidatos que possuem os maiores financiamentos e as maiores votações. Palavras-chave: Raça, eleições, representação política, desigualdade política, eleições municipais.",revista brasileira de ciência política,2015,31,7,90,2,"Luiz Augusto Campos, Carlos Machado","UERJ,UNB","RJ,DF",,"1,1",2012,1,municipios,vereador,municipal,-,Brasil,sucesso eleitoral,raça,4,"não branco, feminino, ensino superior, classe alta",". Uma primeira hipótese explicativa para a sub-representação dos pretos e pardos na política é a escassez de candidaturas. Ao menos em relação aos postos no Legislativo federal, a sub-representação de mulheres parece refletir a pequena participação delas nas listas lançadas pelos partidos. Capital simbólico. Pesquisas sobre recrutamento político vêm chamando
a atenção para o fato de que recursos sociais mais simbólicos, como nível de
instrução, origem de classe, gênero etc., têm grande peso nas chances eleitorais
dos candidatos (Norris e Lovenduski, 1995). Recursos de campanha. Os gastos de campanha têm um papel central
nas chances eleitorais dos candidatos e partidos políticos",-,inferencial,"regressão linear, regressão logística",2,5,-,"não branco, feminino, não branco, feminino, ensino superior, não branco, feminino, ensino superior, classe alta","0.33, 0.41, 0.38, 3.03, 0.45, 0.46, 2.2, 3.48",não reporta,não reporta,,0,0,,,,,,,,
0,24,https://www.scielo.br/j/op/a/tjfCSQf7HJYgdLdMBk97jPN/abstract/?lang=pt,digital,Porque dinheiro importa: a dinâmica das contribuições eleitorais para o Congresso Nacional em 2002 e 2006,"Resumo: Muitos trabalhos estudam a relação entre dinheiro e eleições, especialmente como o aporte de recursos pode explicar o sucesso do candidato. Nosso artigo tem como objetivo identificar aspectos do financiamento de campanha nas eleições para o Congresso Nacional brasileiro, nos anos de 2002 e 2006, com base nos dados do TSE. Buscamos captar: a) diferenças nas receitas e gastos entre candidatos à reeleição e novos candidatos; b) variações regionais, dadas as profundas clivagens socioeconômicas dos distritos eleitorais, que podem afetar as contribuições e despesas realizadas; c) variações camerais, dada a incongruência do bicameralismo brasileiro; d) variações partidárias, ou seja, se há candidatos cujas campanhas saem mais ""caras"" ou mais ""baratas"", a depender do partido politico. Palavras-chave: financiamento de campanha; Senado; Câmara dos Deputados; eleições; Brasil",opinião pública,2010,28,12,122,3,"Leany Barreiro Lemos, Daniel Marcelino, João Henrique Paiva","UNB, UNB, UNB","DF, DF, DF",,"1,1,1","2002, 2006",2,Brasil,"senador, dep fed",federal,-,-,financiamento de campanha,-,-,-,-,"lemos, marcelino e pederiva",descritiva,-,-,-,-,,-,-,-,0,0,0,,,,,,,,
0,25,https://www.scielo.br/j/rdp/a/6kKRTFLdr67yVwqSbMGmkbG/abstract/?lang=pt,digital,Litígio estratégico para igualdade de gênero: O caso das verbas de campanha para mulheres candidatas,"O objetivo deste artigo é descrever o recente litígio estratégico que culminou com a transformação jurídica ocorrida no Brasil em relação à obrigatoriedade de financiamento de campanhas políticas de mulheres. Dessa perspectiva, buscar-se-á analisar criticamente as questões em jogo no julgamento da ADI 5617 pelo Supremo Tribunal Federal realizado em março de 2018, que determinou o mínimo de 30% de investimento dos partidos em campanhas de candidatas. O caso será abordado do ponto de vista da atuação da Clínica jurídica “Laboratório de Direitos Fundamentais” da FGV Direito Rio, na qualidade de representante da ONG CEPIA como amicus curiae nessa ação. A partir dessa experiência, pretende-se refletir sobre os desafios do uso de litígio estratégico para o avanço de direitos humanos em geral, e de direitos políticos de mulheres no Brasil em especial. Palavras-chave: Direitos fundamentais; Igualdade; Mulheres; Política; Verbas de campanha; Litígio estratégico; Cota; STF.",revista direito e práxis,2019,37,3,18,1,Ligia Fabris Campos,FGV,RJ,,2,-,-,Brasil,todas,todas,-,Brasil,-,-,-,-,-,-,discussão teórica,-,-,-,-,,-,-,-,-,-,-,,,,,,,,
0,26,https://www.agendapolitica.ufscar.br/index.php/agendapolitica/article/view/46,digital,Profissionalização das Campanhas Eleitorais: Metodologia de Estudo,"Resumo:A Profissionalização das Campanhas Eleitorais é um fenômeno recente que manifesta características distintas nos contextos políticos em que é tomado para análise. Trata-se do recrutamento de corpo especializado por partidos competitivos para gestão de suas campanhas eleitorais e da adoção de novas estratégias e técnicas de campanha. Nesse trabalho, procuramos discutir teoricamente esse conceito e apresentar a abordagem metodológica e as técnicas de pesquisa para mensurar o grau de profissionalização das campanhas eleitorais em que estão engajados os partidos políticos brasileiros, segundo modelo proposto por Gibson e Röommele (2001; 2009) e as possíveis adaptações nesse modelo. A hipótese inicial é que quanto maior a disponibilidade de recursos financeiros, maiores às possibilidades de um partido político desempenhar grau elevado de engajamento em campanhas eleitorais profissionalizadas.Palavras-chave:Campanhas Eleitorais; Partidos e Eleições; Profissionalização das Campanhas Eleitorais",agenda política,2014,13,8,1,1,Mércia Alves,UFSCAR,SP,,2,-,-,Brasil,-,-,-,Brasil,profissionalização das campanhas,-,,-,-,-,discussão teórica,-,-,-,-,,-,-,-,-,-,-,,,,,,,,
0,27,https://revistas.ufpr.br/politica/article/view/55339,digital,Campanhas e legislação eleitoral: Análise da “Minirreforma” no contexto das eleições municipais brasileiras de 2016,"RESUMO As eleições 2016 foram marcadas pelas mais significativas alterações na legislação eleitoral das duas últimas décadas. Essas mudanças foram promovidas principalmente pela minirreforma eleitoral de 2015, que alterou o perfil de financiamento e o tempo das campanhas eleitorais. O objetivo deste artigo é analisar a dinâmica financeira das campanhas em 2012 e 2016, a partir da minirreforma e do caso das eleições municipais. Foram selecionadas as campanhas eleitorais vitoriosas de dez capitais brasileiras, sendo elas: São Paulo, Belo Horizonte, Rio de Janeiro, Salvador, Fortaleza, Curitiba, Cuiabá, Manaus, Campo Grande e Recife. Foram analisados, especificamente, 1) dados sobre os colégios eleitorais nos dez municípios, para as eleições de 2012 e 2016, e 2) as prestações de contas oficiais elaboradas pelos partidos e entregues ao TSE, também referentes às campanhas de 2012 e 2016. Palavras-chave: Eleições municipais. Eleições 2016. Campanha eleitoral. Legislação. Minirreforma eleitoral",revista eletrônica de ciência política,2018,22,4,4,2,"Mércia Alves, Bárbara Lima ","UFSCAR, UFSCAR","SP, SP",,"2,2","2012, 2016",2,municipios,prefeito,municipal,,brasil,financiamento de campanha,minirreforma eleitoral,-,-,-,-,descritiva,-,-,-,-,,-,-,-,-,-,-,,,,,,,,
0,28,https://periodicos.ufpel.edu.br/ojs2/index.php/rsulacp/article/view/16777,digital,Campanhas e Legislação Eleitoral: os governos estaduais nas eleições de 2018,"Resumo. O artigo analisa a dinâmica financeira das campanhas dos governadores eleitos em 2018, com o objetivo de verificar, de forma comparada, como a Minirreforma Eleitoral de 2015 e o conjunto de resoluções aprovadas em dezembro de 2017 refletiram na forma pela qual os partidos arrecadam e concentraram os recursos. Para isso, são observadas as prestações de contas elaboradas pelos partidos eleitos em 2018, disponibilizados pelo TSE. Conclui-se que as medidas tomadas para diminuir o custo das campanhas eleitorais foram eficazes, principalmente a alteração no perfil de doações e a redução dos dias de campanha e de tempo diário de TV. Apesar disso, ainda há concentração de recursos em atividades de comunicação, principalmente na produção audiovisual. Algumas tendências foram apontadas e merecem atenção em pesquisas posteriores: o autofinanciamento, o financiamento coletivo, e o impulsionamento de conteúdo. Por fim, o capital político das lideranças pareceu uma variável essencial para compreensão da dinâmica financeira das campanhas analisadas. Palavras-chave: Eleições 2018; Campanhas Eleitorais; Legislação; Minirreforma Eleitoral.",revista sul-americana de ciência política,2020,19,2,1,2,"Mércia Alves, Bárbara Lima ","UFSCAR, UFSCAR","SP, SP",,"2,2",2018,1,brasil,governo,estadual,-,brasil,financiamento de campanha,minirreforma eleitoral,-,-,-,-,descritiva,-,-,-,-,,-,-,-,-,-,-,,,,,,,,
0,29,http://www.scielo.org.co/scielo.php?pid=S0121-56122018000300079&script=sci_arttext&tlng=pt,digital,"Profissão, sexo e dinheiro: mensuração da acumulação de desigualdades na competição eleitoral brasileira","RESUMO: O artigo parte da proposição de Robert Dahl de que em poliarquias as desigualdades tenderiam a ser não cumulativas entre os diversos grupos sociais; investigamos se essa hipótese se aplica às candidaturas a deputado estadual no Brasil. O corpus de análise é composto por 38.278 candidaturas, nas 27 unidades federativas, no período entre 2002 e 2014, o qual contempla quatro eleições. Como variável dependente, utilizamos a arrecadação de recursos financeiros de campanha e testamos, como variável explicativa, duas clivagens sociais: ocupação profissional, categorizada em um modelo de disposição à política, e sexo dos candidatos. Testes de diferenças de médias e um modelo de regressão revelam que a posição social (profissão) é o maior preditor de receitas de campanha. Entre 2002 e 2010, as desigualdades de gênero podem ser explicadas através do indicador de classe social. Em 2014, contudo, tais desigualdades se tornaram mais acentuadas. PALAVRAS-CHAVE: Thesaurus: eleições; financiamento eleitoral; mulheres. Autores: profissionalização política; ocupação profissional; Robert Dahl.",colombia internacional,2018,30,4,8,2,"Márcio Carlomagno, Adriano Codato",UFPR,"PR,PR",,"1,1","2002, 2006, 2010, 2014",4,Brasil,dep est,estadual,38278,brasil,financiamento de campanha,ocupação profissional,,"sexo, mandatário",O artigo parte da proposição de Robert Dahl de que em poliarquias as desigualdades tenderiam a ser não cumulativas entre os diversos grupos sociais; investigamos se essa hipótese se aplica às candidaturas a deputado estadual no Brasil,-,inferencial,regressão linear,1,5,-,"sexo, disposição média, disposição alta, sexo, disposição média, disposição alta, disposição mandatário, sexo, disposição média, disposição alta, disposição mandatário, sexo, disposição média, disposição alta, disposição mandatário","-0.017, 0.159, 0.301, -.004, 0.276, 0.409, -0.072, 0.140, 0.250, 0.401, -0.166, 0.150, 0.264, 0.389",,"0.142, 0.000, 0.000, 0.000, 0.719, 0.000, 0.000, 0.000, 0.000, 0.000, 0.000, 0.000, 0.000, 0.000, 0.000, 0.000",-,0,0,,,,,,,,
1,30,https://www.scielo.br/j/csp/a/Lf3dqmSckwT5XcSp77Yqy7w/?lang=pt,digital,O capital estrangeiro ea privatização do sistema de saúde brasileiro,-,cadernos de saúde pública,2015,4,7,60,1,Mário Scheffer,USP,SP,,,,,,,,,,,,,,,,,,,,,,,,,,,,,,,,,,,
0,31,https://www.seer.ufrgs.br/debates/article/view/69303,digital,Dinheiro realmente importa? Uma análise do financiamento de campanha nas eleições para a ALERGS em 2014,Dinheiro realmente importa? Uma análise do financiamento de campanha nas eleições para a ALERGS em 2014,revista debates,2016,20,6,3,3,"Maurício Michel Rebello, Gustavo Giora, Marina Scapini","UFFS,UFFS,","SC, SC",,"1,1,2",2014,1,Rio Grande do Sul,dep est,estadual,668,Brasil,obtenção de votos,financiamento de campanha,0,,-,,inferencial,regressão linear,1,3,-,"Mandatário, Desafiante efetivo, Desafiantenãoefetivo","0.028, 0.052, 0.08","0.03, 0.000, 0.02",não reporta,0,0,0,,,,,,,,
0,32,https://search.proquest.com/openview/9201da92e00f8c777a1c4dc880e4fd35/1?pq-origsite=gscholar&cbl=1226335,digital,Partidos Políticos e Financiadores de Campanhas: um Estudo a partir da Teoria dos Jogos,"O presente artigo procurou explicar a relação entre os partidos políticos e os financiadores de campanhas no regime democrático brasileiro na fase 2014/2018, por meio de uma metodologia de Teoria dos Jogos. O tema justifica-se, dentre outros pontos, pela possibilidade de interesses escusos em tal relação, o que pode levar a prejuízos sociais. O objetivo geral do trabalho foi de expor as possíveis recompensas tanto para um quanto para o outro jogador. Para atender o objetivo principal procurou-se realizar uma análise dos gastos para as campanhas à deputado federal na eleição de 2014, criação de uma metodologia de análise, bem como da apresentação dos resultados. As hipóteses levantadas foram as de que os partidos e os financiadores de campanhas, enquanto jogadores, estabeleciam jogos cooperativos quando havia um alinhamento ideológico, capital político, uma intenção em colaborar entre eles e probabilidades de êxito nas eleições, sendo o contrário também verdadeiro. Os resultados encontrados apontaram que os financiadores de campanhas obtém a melhor recompensa quando investem em partidos vencedores e estes colaboram ao longo do mandato. Direcionar recursos financeiros para uma campanha vencedora, portanto, gera uma recompensa superior aos financiadores de campanhas do que não colaborar financeiramente. Além disso, os elevados montantes de recursos investidos em uma campanha ampliam as recompensas dos partidos, considerada neste trabalho como sendo o Fundo Partidário, na medida em que mais votos para a eleição de deputados federais são conquistados. Palavras-chave: Informações completas e incompletas;
informações perfeitas e imperfeitas; financiamentos de
campanhas eleitorais.",economic analysis of law review,2021,28,1,0,2,"Odirlei Fernando Dal Moro, Ednaldo Michellon","UFMS, UEM","MS, PR",,"1,1","2014, 2018",2,Brasil,dep fed,federal,-,Brasil,partidos politicos ,financiamento de campanha,-,-,"os partidos e os financiadores de campanhas, enquanto jogadores, estabeleciam jogos cooperativos quando havia um alinhamento ideológico, capital político, uma intenção em colaborar entre eles e probabilidades de êxito nas eleições, sendo o contrário também verdadeiro",,teoria dos jogos,teoria dos jogos,1,-,-,-,-,--,-,-,-,-,,,,,,,,
1,33,https://www.scielo.br/j/rec/a/Q64JZq7tHnKDsYGVRrYS4mD/,digital,"Ascensão e crise do governo Dilma Rousseff eo golpe de 2016: poder estrutural, contradição e ideologia","RESUMO: O artigo procura entender o governo Dilma Rousseff e o Golpe de 2016 levando em consideração o poder estrutural do capital financeiro e as contradições inerentes aos modelos de crescimento econômico e coalizão política observados desde o governo Lula. Argumenta-se que o projeto econômico do governo Rousseff procurava superar algumas destas contradições. O governo, contudo, não foi capaz de realizar nem as reformas institucionais nem as repactuações políticas necessárias para o sucesso de seu projeto, em contexto de desaceleração cíclica e aguçamento da concorrência internacional e dos conflitos sociais no Brasil. A política econômica é avaliada desde a austeridade de 2011 até a de 2015, passando pela chamada Nova Matriz Econômica e seu desmonte gradual em 2013. Analisa-se as origens da unificação da burguesia em torno a um programa neoliberal em 2016, assim como a relação entre a revolta das camadas médias e o ataque político-judicial resultante no Golpe de 2016. PALAVRAS-CHAVE: Dilma Rousseff; Lulismo; golpe de 2016; Operação Lava-Jato; nova matriz econômica.",revista de economia contemporânea,2017,63,5,202,1,Pedro Paulo Zahluth Bastosa,Unicamp,SP,,1,,,,,,,,,,,,,,,,,,,,,,,,,,,,,,,,,
0,34,https://www.scielo.br/j/rsocp/a/wqCtXLpsBHKs65jdDGV5dpt/abstract/?lang=pt,digital,(Des) Construindo o discurso eleitoral: o primeiro turno das eleições municipais majoritárias em Curitiba no ano 2000,"O pensamento único vem prevalecendo na escolha e adoção de instrumentos e políticas urbanas, conduzido pela opção de inserir as cidades no processo de reestruturação produtiva, em cumprimento aos requisitos impostos pelo modelo globalizante. Como uma ação naturalizada, esse procedimento espelha, de fato, intenções alheias ao lugar, e que são interiorizadas no imaginário da população, como um consenso. Que resultados tais estratégias provocam na produção do espaço urbano e no exercício da cidadania, e como foram incorporadas e veiculadas no discurso eleitoral do primeiro turno das eleições municipais majoritárias em Curitiba no ano 2000? Este ensaio vai em busca de respostas a essa questão. PALAVRAS-CHAVE: Curitiba; eleições municipais; discurso eleitoral; planejamento urbano; city marketing",revista de sociologia e política,2001,29,21,17,2,"Rosa Moura, Thaís Kornin",,PR,,"2,2",2000,1,Curitiba,Prefeito,municipal,,Brasil,discursos eleitorais,,0,-,-,-,discussão teórica,-,-,-,-,-,-,-,-,-,-,-,,,,,,,,
0,36,https://www.seer.ufrgs.br/debates/article/view/105301,digital,Comportamento parlamentar e financiamento de campanha: o caso do rompimento da barragem em Mariana,"Resumo O artigo centra-se nos efeitos que a ocorrência de desastres socioambientais exerce sobre a ação política dos parlamentares. Nosso objetivo é analisar o comportamento parlamentar em um momento crítico, qual seja, o desastre da barragem de Fundão, operada pela Samarco/Vale/BHP. Busca-se, especificamente, responder a duas questões: o que os deputados federais propuseram acerca do desastre, e se tais iniciativas se relacionam às doações de campanha. Para tanto, analisamos as propostas legislativas apresentadas pelos deputados federais, entre 05 novembro de 2015, data de ocorrência do desastre, e 31 de dezembro de 2018. Constatamos que a maioria dos deputados com alto nível de financiamento da Samarco se abstiveram de apresentar proposições acerca do desastre. Os parlamentares com atuação contrária à empresa são oriundos principalmente dos estados atingidos pelo desastre (Minas Gerais e Espírito Santo), o que sinaliza para atuação no sentido de prestação de contas a seus eleitores.Palavras-chave Comportamento Legislativo; Desastre de Mariana; Samarco; Retribuições de Campanha",revista debates,2020,20,2,0,4,"Roberta Carnelos Resende, Bruno Marques Schaefer, Sara de Sousa Fernandes Epitácio,Tiago Alexandre Leme Barbosa",NA,NA,,"2,1,2,1",2018,1,Brasil,dep fed,federal,,,produção legislativa,financiamento de campanha,,"fator vale, fator mineradoras, uf atingida, esquerda, mineração unidades",,-,inferencial,regressão logística,1,5,-,"Fator Vale, Fator Mineradoras, Fator Vale, Fator Mineradoras, UF Atingida, Fator Vale, Fator Mineradoras, UF Atingida, Esquerda, Mineração Unidades (%), Fator Vale, Fator Mineradoras, Fator Vale, Fator Mineradoras, UF Atingida, Fator Vale, Fator Mineradoras, UF Atingida, Esquerda, Mineração Unidades (%), Fator Vale, Fator Mineradoras, Fator Vale, Fator Mineradoras, UF Atingida, Fator Vale, Fator Mineradoras","1.356, 0.734, 1.204, 0.582, 4.842, 1.207, 0.601, 3.201, 1.748, 1.575, 1.503, 0.862, 1.348, 0.646, 9.248, 1.323, 0.664, 8.917, 3.010, 0.939, 1.265, 0.708, ",-,-,-,-,-,,,,,,,,
0,37,http://www.scielo.org.co/scielo.php?pid=S0121-56122020000100121&script=sci_arttext&tlng=pt,digital,Segmentos econômicos e determinantes do financiamento político no Brasil,": O objetivo deste artigo é analisar os determinantes do financiamento político empresarial brasileiro discutindo os incentivos gerados por seus respectivos setores econômicos. O contexto é a eleição de 2014, escolhida por ser a última campanha com doações empresariais permitidas pela legislação. Metodologia: Por meio de um modelo de regressão logística, foi estimada a probabilidade de uma grande empresa fazer doações na campanha de 2014 a partir do tamanho do seu setor econômico. No modelo, foram analisados os determinantes do financiamento, sobretudo, os recursos públicos concedidos a doadores: contratos estabelecidos com o Governo Federal e empréstimos financeiros. Os dados foram compilados junto ao repositório de dados eleitorais do Tribunal Superior Eleitoral, do Portal da Transparência do Governo Federal e do Banco Nacional de Desenvolvimento Econômico e Social. Conclusões: Os resultados indicaram que não houve relevância significativa das vantagens diretas obtidas pelos doadores junto à administração pública, mas sim dos fatores econômicos estruturais: posição predominante da empresa em seu setor econômico e trajetória histórica bem-estabelecida no capitalismo brasileiro. Originalidade: O “dinheiro interessado”, em termos quantitativos, esteve mais visível em determinados segmentos, especialmente o da indústria e o da construção civil. No entanto, a elite empresarial de todos os setores (os maiores doadores) apresentou um padrão de financiamento semelhante: doações para campanhas nacionais, presidenciais e estruturas partidárias. Por sua vez, os pequenos doadores, também de todos os segmentos, investiram preferencialmente nas candidaturas individuais: deputado estadual e federal. O artigo reflete sobre a existência de uma dinâmica específica de
retribuição ou prospecção de favores políticos que depende do porte econômico da
companhia, para além de seus respectivos incentivos e interesses setoriais coletivos.
PALAVRAS-CHAVE: Financiamento de campanha; eleições; empresariado; Brasil.",colombia internacional,2020,40,2,1,1,Rodrigo Dolandeli Santos,UFPA,PA,,1,2014,1,Brasil,"dep fed,  dep est, senador",federal e estadual,,Brasil,financiamento de campanha,tamanho da empresa,,,,-,inferencial,regressão logística,1,16,-,"Ref. Menor Receita, Receita Média baixa, Receita Média alta, Maior receita, Ref. Empresa antiga, EMpresa nova, Antiguidade Média Baixa, Antiguidade Méida alta, Ref. Estrangeiro, Ref financeiro outros, comercio, construção, industria, serviços, ref contrato, ref bndes","ausente, 0.086, 0.314, 0.975, ausente, -0.510, 0.085, -0.149, -1.720, ausente, 0.282, 1.121, 1.319, -0.121, 0.326, 0.093, -1.167",,"0.000, 0.690, 0.170, 0.0, 0.04, 0.2, 0.662, 0.463, 0.0, 0.0, 0.440, 0.003, 0.0, 0.743, 0.167, 0.655, 0.001",-,-,-,,,,,,,,
0,38,http://revistas.ufpi.br/index.php/conexaopolitica/article/view/4919,digital,"Financiamento de campanha, empresariado eo sistema político brasileiro: teoria e questões atuais","Resumo: O artigo faz um apontamento te´orico das principais quest˜oes em torno da forma¸c˜ao de interesses no capitalismo a partir da rela¸c˜ao entre dinheiro e pol´ıtica, sobretudo o elevado custo da democracia. Discutimos como a competi¸c˜ao pela lideran¸ca pol´ıtica nas elei¸c˜oes se desenvolve em meio `a falta de clareza com que os interesses privados avan¸cam sobre a vontade p´ublica. O artigo aborda tamb´em a desenvoltura do empresariado no processo decis´orio nacional, considerando as incongruˆencias e vantagens institucionais do “presidencialismo de coaliz˜ao”. Nesse sentido, o texto debate como esse arranjo institucional n˜ao favoreceu uma articula¸c˜ao em torno da reforma pol´ıtica e de mudan¸cas substanciais nas regras eleitorais. Por fim, discutimos a necessidade de investimento na transparˆencia e no controle social da presta¸c˜ao de contas eleitorais como maneira de atenuar a influˆencia do poder econˆomico nas elei¸c˜oes e incentivar a participa¸c˜ao social nas institui¸c˜oes pol´ıticas. Palavras-chave: Sistema pol´ıtico. Financiamento de campanha. Democracia. Capitalismo.",conexão política,2015,12,7,2,1,Rodrigo Dolandeli Santos,UFPA,PA,,1,0,0,brasil,todas,-,-,Brasil,,,-,-,-,-,discussão teórica,-,-,-,-,-,-,-,-,-,-,-,,,,,,,,
0,39,https://www.scielo.br/j/rsocp/a/7JgtYdw5zrz4qFzVs7PXJMJ/abstract/?lang=pt,digital,A incubação da extrema-direita: a rede de financiamento do PSL nas eleições de 2018,": O artigo analisa a rede de receitas das campanhas eleitorais do Partido Social Liberal (PSL) no ano de 2018. Considerando o destacado sucesso desse partido no processo eleitoral daquele ano, eleger como objeto de estudo as campanhas do partido que obteve o cargo majoritário do executivo federal se justifica. Materiais e métodos: Mobilizamos a Análise de Redes Sociais para analisar os dados de receitas fornecidos pelos candidatos e órgãos partidários vinculados ao PSL para o Tribunal Superior Eleitoral e, ao fazê-lo, mapeamos a complexa rede de relações financeiras estabelecidas entre os agentes mobilizados na campanha daquele ano. Tal método permite a identificação de atores centrais dentro da rede, além dos agrupamentos nela formados. Resultados: O resultado empírico da pesquisa identifica índices significativos de sucesso eleitoral em situações de menor volume financeiro, corroborando com a interpretação do papel de destaque que os aspectos ideológicos tiveram nas eleições de 2018; além de identificar o destacamento da campanha presidencial em relação aos órgãos partidários. Discussão: Foi possível problematizar as condições de sucesso eleitoral em uma conjuntura política tão excepcional, assim como visualizar características da extrema-direita nessa conjuntura",revista de sociologia e política,2021,19,1,0,2,"Rodolfo Palazzo Dias, Rodrigo Mayer","UFRJ, UEPG","RJ, PR",,"1,1",2018,1,brasil,dep fed,federal,-,Brasil,-,-,-,-,-,-,descritiva,-,-,-,-,-,-,-,-,-,-,-,,,,,,,,
0,41,https://revistas.ufpr.br/politica/article/view/70423,digital,"Dinheiro, Eleições e Representação Política: Uma Análise dos Padrões de Financiamento das Campanhas nas Eleições de 2014 e 2016 em uma Perspectiva dos …","O debate sobre eleições e representação política no Brasil tem destacado as dificuldades das mulheres em chegarem aos cargos eletivos, devido, entre outros fatores, aos embaraços impostos pelo sistema de financiamento que tem se mostrado extremamente desigual na comparação entre homens e mulheres. Diante essa questão, a presente pesquisa tem como objetivo principal: avaliar o padrão de financiamento das campanhas eleitorais das mulheres em relação aos homens para a Câmara dos Deputados, Assembleias Legislativas e Câmara de Vereadores, nas eleições de 2014 e 2016. Utilizou-se os softwares SPSS para processamento dos métodos estatísticos descritivos e inferenciais por meio de estimativas de média, desvio padrão, variância e teste de análise de variância (ANOVA). Deste modo, constatou-se que as mulheres arrecadam um volume de recursos inferior aos homens, independentemente do cargo em disputa, ideologia partidária ou região do país. Diante às análises e perspectivas abordadas ao longo da pesquisa, observou-se que os diferentes padrões utilizados no financiamento de campanha das mulheres, dificultam a construção social e inclusiva de uma política representativa. Evidenciando que a democracia brasileira se encontra longe de alcançar um patamar de igualdade política entre os gêneros. Palavras-chave: Eleições; financiamento de campanha; representação política.",revista eletrônica de ciência política,2020,18,2,1,2,"Valdenize Gurjão Corrêa, Rodrigo Dolandeli dos Santos","UFPA, UFPA","PA, PA",,"2,1","2014, 2016",2,brasil,"dep fed, dep est, vereador","federal, estadual, municipal",,Brasil,sexo,financiamento de campanha,,-,-,-,inferencial,ANOVA,1,-,-,-,-,-,-,-,-,-,,,,,,,,
0,42,https://www.scielo.br/j/rsocp/a/BHmsqhsZZHpzHYNHFNXW4dF/abstract/?lang=pt,digital,Investimento eleitoral no Brasil: balanço da literatura (2001–2012) e agenda de pesquisa,"O artigo trata da literatura sobre investimento eleitoral no Brasil e tem dois objetivos: apresentar o estado-da-arte dessa literatura e propor uma agenda de pesquisas sobre o tema. Para esse fim, realizou-se o levantamento, a leitura crítica e a comparação de dezenas de obras divulgadas entre 2001 e 2012, sob o formato de livros, artigos publicados em revistas ou encontros acadêmicos, teses de doutorado, dissertações de mestrado, relatórios de pesquisa e trabalhos de conclusão de curso. O artigo argumenta, em primeiro lugar, que a literatura sobre investimento eleitoral pode ser dividida em três vertentes: (i) a que trata da relação entre investimento e desempenho eleitoral; (ii) a que aborda a relação entre investimento e concessão de benefícios para os investidores e (iii) a que focaliza os determinantes do investimento eleitoral. O artigo reúne os principais achados dos trabalhos inseridos em cada uma dessas vertentes. Em segundo lugar, o artigo oferece sugestões para o desenvolvimento da agenda de pesquisas sobre o tema, seja ao discutir desafios comuns às três vertentes, seja ao propor novas linhas de investigação em cada uma delas. As questões relativas ao investimento eleitoral são cruciais para o aprimoramento da democracia brasileira. O primeiro passo para enfrentar tais questões é conhecê-las a fundo. O presente trabalho procura contribuir para esse passo.

investimento eleitoral; financiamento eleitoral; financiamento político; campanhas eleitorais; empresariado",revista de sociologia e política,2015,,7,128,1,Wagner Pralon Mancuso,USP,SP,,1,-,-,brasil,-,-,-,Brasil,-,-,-,-,-,-,descritiva,-,-,-,-,-,-,,,,,,,,,,,,,